[
  {
    "name": "Drenthe",
    "abbr": "DR",
    "slug": "drenthe",
    "capital": "Assen",
    "region": "Noord-Nederland"
  },
  {
    "name": "Flevoland",
    "abbr": "FL",
    "slug": "flevoland",
    "capital": "Lelystad",
    "region": "Midden-Nederland"
  },
  {
    "name": "Friesland",
    "abbr": "FR",
    "slug": "friesland",
    "capital": "Leeuwarden",
    "region": "Noord-Nederland"
  },
  {
    "name": "Gelderland",
    "abbr": "GE",
    "slug": "gelderland",
    "capital": "Arnhem",
    "region": "Oost-Nederland"
  },
  {
    "name": "Groningen",
    "abbr": "GR",
    "slug": "groningen",
    "capital": "Groningen",
    "region": "Noord-Nederland"
  },
  {
    "name": "Limburg",
    "abbr": "LI",
    "slug": "limburg",
    "capital": "Maastricht",
    "region": "Zuid-Nederland"
  },
  {
    "name": "Noord-Brabant",
    "abbr": "NB",
    "slug": "noord-brabant",
    "capital": "s-Hertogenbosch",
    "region": "Zuid-Nederland"
  },
  {
    "name": "Noord-Holland",
    "abbr": "NH",
    "slug": "noord-holland",
    "capital": "Haarlem",
    "region": "West-Nederland"
  },
  {
    "name": "Overijssel",
    "abbr": "OV",
    "slug": "overijssel",
    "capital": "Zwolle",
    "region": "Oost-Nederland"
  },
  {
    "name": "Utrecht",
    "abbr": "UT",
    "slug": "utrecht",
    "capital": "Utrecht",
    "region": "Midden-Nederland"
  },
  {
    "name": "Zeeland",
    "abbr": "ZE",
    "slug": "zeeland",
    "capital": "Middelburg",
    "region": "Zuid-Nederland"
  },
  {
    "name": "Zuid-Holland",
    "abbr": "ZH",
    "slug": "zuid-holland",
    "capital": "Den Haag",
    "region": "West-Nederland"
  }
]
